{"cameraMode":{"drawMode":0,"name":"Shaded","section":"Shading Mode"},"sceneLighting":false,"audioPlay":false,"sceneViewState":{"showFog":true,"showMaterialUpdate":false,"showSkybox":true,"showFlares":true,"showImageEffects":true,"showParticleSystems":true},"in2DMode":false,"pivot":{"x":17.920000076293947,"y":57.94499969482422,"z":0.0},"rotation":{"x":0.16681285202503205,"y":-0.2030927836894989,"z":0.035136159509420398,"w":0.9642055034637451},"size":9.425535202026368,"orthographic":false}