{"cameraMode":{"drawMode":0,"name":"Shaded","section":"Shading Mode"},"sceneLighting":false,"audioPlay":false,"sceneViewState":{"showFog":true,"showMaterialUpdate":false,"showSkybox":true,"showFlares":true,"showImageEffects":true,"showParticleSystems":true},"in2DMode":false,"pivot":{"x":22.719999313354493,"y":57.97999954223633,"z":0.0},"rotation":{"x":0.16681285202503205,"y":-0.2030927836894989,"z":0.035136159509420398,"w":0.9642055034637451},"size":11.44992446899414,"orthographic":false}